Workbook

Sheet Made the Cut
A1: Domain Info | C1: Authority Metrics | I1: Referring Domains | L1: Backlinks | P1: Spam Score | Q1: Analysing Tools | R1: Ratios | U1: Additional Metrics | Y1: Language Metrics | Z1: Analysis
A2: Name | B2: Potentially spam | C2: DA | D2: AS | E2: DR | F2: UR | G2: TF | H2: CF | I2: S RD | J2: M RD | K2: A RD | L2: S BL | M2: M BL | N2: A BL | O2: IP'S | P2: SZ | Q2: Variance | R2: Follow % | S2: S (BL/RD) | T2: M (BL/RD) | U2: Age | V2: Indexed | W2: Drops | X2: MT | Y2: English % | Z2: Suitability | AA2: History | AB2: Expiry
A3: Name | B3: Potentially spam | C3: DA | D3: AS | E3: DR | F3: UR | G3: TF | H3: CF | I3: S RD | J3: M RD | K3: A RD | L3: S BL | M3: M BL | N3: A BL | O3: IP'S | P3: SZ | Q3: Variance | R3: Follow % | S3: S (BL/RD) | T3: M (BL/RD) | U3: Age | V3: Indexed | W3: Drops | X3: MT | Y3: English % | Z3: Suitability | AA3: History | AB3: Expiry
A4: 350brewing.com | C4: 37 | D4: 5 | E4: 15 | F4: 13 | G4: 12 | H4: 19 | I4: 160 | J4: 91 | K4: 188 | L4: 728 | M4: 186 | N4: 483 | O4: 200 | P4: 0 | Q4: 115 | R4: 0.64275862 | S4: 5 | T4: 2 | U4: 10 | V4: 1 | W4: 0 | X4: Arts/Visual Arts: 12 Recreation/Travel: 7 | Y4: 99.2 | AB4: 04/09/2025 20:31:00
A5: 99nbrs.com | C5: 19 | D5: 5 | E5: 18 | F5: 7 | G5: 6 | H5: 10 | I5: 97 | J5: 64 | K5: 131 | L5: 195 | M5: 112 | N5: 420 | O5: 104 | P5: 0 | Q5: 35 | R5: 0.55102041 | S5: 2 | T5: 2 | U5: 5 | V5: 1 | W5: 0 | X5: Arts: 6 Arts/Literature: 6 Arts/Photography: 5 Arts/Music: 4 News/Media Industry: 4 Recreation/Travel: 4 Society/Organizations: 4 | Y5: 97.1 | AB5: 04/16/2025 19:55:00
A6: acupuncture-fertility.org | C6: 19 | D6: 5 | E6: 46 | F6: 7 | G6: 20 | H6: 22 | I6: 228 | J6: 97 | K6: 222 | L6: 518 | M6: 360 | N6: 1357 | O6: 187 | P6: 8 | Q6: 175 | R6: 0.85135135 | S6: 2 | T6: 4 | U6: 18 | V6: 8 | W6: 1 | X6: Computers/Software/Internet: 20 Health/Alternative: 18 Regional/Europe: 14 Computers/Software/Operating Systems: 12 Arts/Performing Arts: 12 Society/Politics: 11 Health/Mental Health: 11 Computers/Internet/On the Web: 10 Recreation/Food: 10 | Y6: 96.5 | AB6: 04/08/2025 18:41:00
A7: aepnetworks.com | C7: 32 | D7: 20 | E7: 40 | F7: 6 | G7: 30 | H7: 27 | I7: 208 | J7: 143 | K7: 219 | L7: 817 | M7: 581 | N7: 1533 | O7: 222 | P7: 0 | Q7: 43 | R7: 0.83843329 | S7: 4 | T7: 4 | U7: 20 | V7: 5 | W7: 2 | X7: Computers/Security: 30 Computers/Intranet: 19 Computers/Consultants: 18 Computers/Internet/Searching: 14 | Y7: 93.2 | AB7: 04/12/2025 16:43:00
A8: affordablehealthca.com | C8: 35 | D8: 12 | E8: 24 | F8: 0 | G8: 11 | H8: 12 | I8: 156 | J8: 37 | K8: 171 | L8: 527 | M8: 64 | N8: 465 | O8: 157 | P8: 10 | Q8: 89 | R8: 0.43478261 | S8: 3 | T8: 2 | U8: 12 | V8: 147 | W8: 2 | X8: Arts/Weblogs: 11 Society/People: 8 Arts/Literature: 7 Computers/Programming/Languages: 6 | Y8: 95.1 | AB8: 04/13/2025 19:11:00
A9: agelessalliance.org | C9: 36 | D9: 5 | E9: 31 | F9: 22 | G9: 14 | H9: 17 | I9: 134 | J9: 50 | K9: 123 | L9: 617 | M9: 117 | N9: 273912 | O9: 154 | P9: 0 | Q9: 129 | R9: 0.46579805 | S9: 5 | T9: 2 | U9: 11 | V9: 1 | W9: 1 | X9: Health: 13 Society/People: 13 Regional/North America: 13 Society/Issues: 9 Reference/Education: 8 Health/Senior Health: 7 | Y9: 97.5 | AB9: 04/17/2025 16:36:00
A10: aifdr.org | C10: 25 | D10: 6 | E10: 33 | F10: 0 | G10: 14 | H10: 18 | I10: 196 | J10: 76 | K10: 171 | L10: 569 | M10: 174 | N10: 463 | O10: 222 | P10: 8 | Q10: 85 | R10: 0.5940246 | S10: 3 | T10: 2 | U10: 16 | V10: 314 | W10: 1 | X10: Science/Social Sciences: 14 | Y10: 74.2 | AB10: 04/17/2025 20:55:00
A11: akalpinelodge.com | C11: 24 | D11: 5 | E11: 19 | F11: 0 | G11: 24 | H11: 15 | I11: 97 | J11: 60 | K11: 94 | L11: 180 | M11: 85 | N11: 163 | O11: 104 | P11: 10 | Q11: 50 | R11: 0.78888889 | S11: 2 | T11: 1 | U11: 18 | V11: 1 | W11: 0 | X11: Recreation/Travel: 24 | Y11: 93.5 | AB11: 04/10/2025 16:48:00
A12: alfredospizzanc.com | C12: 24 | D12: 20 | E12: 14 | F12: 5 | G12: 12 | H12: 15 | I12: 86 | J12: 29 | K12: 77 | L12: 272 | M12: 46 | N12: 185 | O12: 109 | P12: 7 | Q12: 19 | R12: 0.64102564 | S12: 3 | T12: 2 | U12: 18 | V12: 6 | W12: 0 | X12: Recreation/Travel: 12 Recreation/Food: 11 Sports/Baseball: 10 | Y12: 100 | AB12: 04/15/2025 16:38:00
A13: almightyballer.com | B13: Video game industry; SEMrush backlink/RD ratio > 10 | C13: 34 | D13: 5 | E13: 24 | F13: 0 | G13: 11 | H13: 17 | I13: 101 | J13: 56 | K13: 136 | L13: 1266 | M13: 409 | N13: 1557 | O13: 145 | P13: 0 | Q13: 102 | R13: 0.53137411 | S13: 13 | T13: 7 | U13: 10 | V13: 4 | W13: 0 | X13: Games/Video Games/Sports: 10 Sports/Basketball: 9 | Y13: 100 | AB13: 04/10/2025 17:44:00
A14: alovelinksplus.com | C14: 30 | D14: 5 | E14: 23 | F14: 7 | G14: 20 | H14: 20 | I14: 361 | J14: 181 | K14: 367 | L14: 1881 | M14: 838 | N14: 5286 | O14: 311 | P14: 0 | Q14: 67 | R14: 0.59300477 | S14: 5 | T14: 5 | U14: 26 | V14: 4 | W14: 0 | X14: Arts/Performing Arts: 18 Society/Subcultures: 18 Computers/Usenet: 17 Home/Cooking: 17 Society/Relationships: 17 Society/Holidays: 16 Society/Philosophy: 13 Shopping/Jewelry: 10 | Y14: 89.1 | AB14: 04/13/2025 20:49:00
A15: apimeme.com | C15: 16 | D15: 16 | E15: 16 | F15: 9 | G15: 9 | H15: 18 | I15: 128 | J15: 27 | K15: 112 | L15: 369 | M15: 267 | N15: 291 | O15: 118 | P15: 0 | Q15: 10 | R15: 0.55826558 | S15: 3 | T15: 10 | U15: 11 | V15: 13300 | W15: 0 | X15: Computers/Systems: 9 Computers/Internet/Web Design and Development: 8 News/Media Industry: 7 Computers/Programming/Languages: 6 | Y15: 97.7 | AB15: 04/09/2025 20:05:00
A16: argenteam.net | C16: 46 | D16: 21 | E16: 31 | F16: 21 | G16: 19 | H16: 31 | I16: 1098 | J16: 538 | K16: 1363 | L16: 7457 | M16: 4023 | N16: 76144 | O16: 716 | P16: 0 | Q16: 92 | R16: 0.73407388 | S16: 7 | T16: 7 | U16: 22 | V16: 1 | W16: 1 | X16: Computers/Internet/Searching: 19 Arts/Literature: 10 | Y16: 60.5 | AB16: 04/14/2025 18:20:00
A17: asclme.org | B17: SEMrush backlink/RD ratio > 10 | C17: 31 | D17: 5 | E17: 26 | F17: 0 | G17: 27 | H17: 25 | I17: 285 | J17: 164 | K17: 195 | L17: 3823 | M17: 1138 | N17: 1930 | O17: 279 | P17: 4 | Q17: 83 | R17: 0.89722803 | S17: 13 | T17: 7 | U17: 17 | V17: 1 | W17: 1 | X17: Science/Earth Sciences: 27 Home/Cooking: 16 Health/Weight Loss: 14 Computers/Internet/Searching: 14 Health/Mental Health: 13 | Y17: 69.8 | AB17: 04/10/2025 17:45:00
A18: awesome80s.com | C18: 31 | D18: 5 | E18: 25 | F18: 24 | G18: 27 | H18: 23 | I18: 452 | J18: 697 | K18: 423 | L18: 2069 | M18: 1765 | N18: 5559 | O18: 530 | P18: 0 | Q18: 81 | R18: 0.83638996 | S18: 5 | T18: 3 | U18: 25 | V18: 1 | W18: 2 | X18: Arts/Music: 25 Society/History: 25 | Y18: 94 | AB18: 04/14/2025 17:12:00
A19: awny.org | C19: 39 | D19: 6 | E19: 40 | F19: 8 | G19: 15 | H19: 18 | I19: 219 | J19: 103 | K19: 230 | L19: 1183 | M19: 386 | N19: 1878 | O19: 220 | P19: 0 | Q19: 184 | R19: 0.82010135 | S19: 5 | T19: 4 | U19: 26 | V19: 1 | W19: 1 | X19: Society/Law: 15 Society/Issues: 12 Arts/Animation: 11 Society/People: 11 Business/Management: 9 Reference/Quotations: 9 Home/Family: 9 Arts/Architecture: 8 | Y19: 98.3 | AB19: 04/08/2025 18:58:00
A20: azurewi.com | C20: 21 | D20: 14 | E20: 22 | F20: 11 | G20: 10 | H20: 15 | I20: 793 | J20: 59 | K20: 417 | L20: 2420 | M20: 368 | N20: 1632 | O20: 699 | P20: 0 | Q20: 20 | R20: 0.84466419 | S20: 3 | T20: 6 | U20: 14 | V20: 270 | W20: 0 | X20: Regional/North America: 10 Reference/Education: 6 | Y20: 100 | AB20: 04/11/2025 19:05:00
A21: bartpark.com | C21: 37 | D21: 5 | E21: 31 | F21: 5 | G21: 29 | H21: 21 | I21: 305 | J21: 153 | K21: 338 | L21: 1122 | M21: 394 | N21: 1274 | O21: 290 | P21: 9 | Q21: 122 | R21: 0.69911504 | S21: 4 | T21: 3 | U21: 24 | V21: 1 | W21: 0 | X21: Recreation/Food: 29 | Y21: 92.2 | AB21: 04/12/2025 20:29:00
A22: basilicaofsaintpaul.com | C22: 17 | D22: 17 | E22: 11 | F22: 13 | G22: 22 | H22: 17 | I22: 169 | J22: 81 | K22: 184 | L22: 672 | M22: 96 | N22: 1097 | O22: 180 | P22: 2 | Q22: 12 | R22: 0.81547619 | S22: 4 | T22: 1 | U22: 19 | V22: 2 | W22: 0 | X22: Society/Religion and Spirituality: 22 | Y22: 93.5 | AB22: 04/16/2025 17:55:00
A23: batsurvey.org | C23: 25 | D23: 13 | E23: 31 | F23: 3 | G23: 17 | H23: 21 | I23: 143 | J23: 89 | K23: 133 | L23: 444 | M23: 174 | N23: 617 | O23: 156 | P23: 10 | Q23: 39 | R23: 0.62138085 | S23: 3 | T23: 2 | U23: 12 | V23: 62 | W23: 2 | X23: Recreation/Birding: 17 Home/Gardening: 12 Science/Biology: 11 Recreation/Outdoors: 9 | Y23: 96.3 | AB23: 04/08/2025 19:37:00
A24: bbbsheartga.org | C24: 25 | D24: 6 | E24: 37 | F24: 8 | G24: 13 | H24: 17 | I24: 87 | J24: 32 | K24: 87 | L24: 852 | M24: 61 | N24: 681 | O24: 111 | P24: 10 | Q24: 113 | R24: 0.96948357 | S24: 10 | T24: 2 | U24: 22 | V24: 8 | W24: 0 | X24: News/Magazines and E-zines: 13 Business/Hospitality: 9 Health/Mental Health: 8 News/Media Industry: 7 Society/Organizations: 7 | Y24: 100 | AB24: 04/14/2025 18:45:00
A25: beerandwinejournal.com | C25: 39 | D25: 5 | E25: 33 | F25: 10 | G25: 13 | H25: 26 | I25: 482 | J25: 720 | K25: 504 | L25: 3314 | M25: 2001 | N25: 5432 | O25: 450 | P25: 0 | Q25: 158 | R25: 0.51312217 | S25: 7 | T25: 3 | U25: 12 | V25: 1 | W25: 0 | X25: Recreation/Food: 13 Home/Cooking: 9 Society/Gay Lesbian and Bisexual: 7 | Y25: 85.3 | AB25: 04/11/2025 17:29:00
A26: bestofbridgestone.com | B26: Majestic backlink/RD ratio > 10 | C26: 33 | D26: 5 | E26: 36 | F26: 19 | G26: 26 | H26: 18 | I26: 166 | J26: 45 | K26: 149 | L26: 1736 | M26: 623 | N26: 10602 | O26: 181 | P26: 4 | Q26: 125 | R26: 0.96082949 | S26: 10 | T26: 14 | U26: 23 | V26: 1 | W26: 0 | X26: Recreation/Food: 26 Regional/Europe: 16 | Y26: 86.8 | AB26: 04/11/2025 18:08:00
A27: betway98.com | B27: Video game industry | C27: 23 | D27: 5 | E27: 29 | F27: 0 | G27: 11 | H27: 18 | I27: 170 | J27: 103 | K27: 280 | L27: 507 | M27: 177 | N27: 4478 | O27: 179 | P27: 0 | Q27: 72 | R27: 0.64566929 | S27: 3 | T27: 2 | U27: 9 | V27: 1 | W27: 0 | X27: Games/Video Games/Shooter: 11 Games/Video Games/Strategy: 10 Games/Video Games/News and Reviews: 10 Games/Video Games/Action: 10 Games/Video Games/Roleplaying: 10 Games/Video Games/Sports: 9 Games/Video Games/Driving and Racing: 9 Games/Video Games/Action-Adventure: 9 | Y27: 81.6 | AB27: 04/12/2025 16:04:00
A28: bgiedu.org | C28: 41 | D28: 5 | E28: 18 | F28: 26 | G28: 14 | H28: 28 | I28: 333 | J28: 209 | K28: 174 | L28: 1002 | M28: 773 | N28: 4095 | O28: 357 | P28: 0 | Q28: 153 | R28: 0.86327345 | S28: 3 | T28: 4 | U28: 22 | V28: 2 | W28: 1 | X28: Business/Textiles and Nonwovens: 13 Business/Real Estate: 12 Computers/Internet/On the Web: 10 Society/Issues: 9 Society/Paranormal: 9 Society/Subcultures: 7 Society/People: 7 | Y28: 99.3 | AB28: 04/11/2025 17:58:00
A29: biogenericpublishers.com | C29: 24 | D29: 16 | E29: 18 | F29: 6 | G29: 13 | H29: 17 | I29: 150 | J29: 59 | K29: 123 | L29: 728 | M29: 168 | N29: 2181 | O29: 152 | P29: 0 | Q29: 13 | R29: 0.94093407 | S29: 5 | T29: 3 | U29: 5 | V29: 1950 | W29: 0 | X29: Reference/Education: 13 Health/Fitness: 11 Health: 10 Reference/Libraries: 10 Health/Dentistry: 9 Science/Social Sciences: 9 Science/Biology: 9 Science/Technology: 8 Regional/South America: 7 Health/Medicine: 7 | Y29: 95.5 | AB29: 04/08/2025 21:26:00
A30: boomset.com | B30: Financial services industry | C30: 43 | D30: 6 | E30: 61 | F30: 0 | G30: 17 | H30: 26 | I30: 824 | J30: 467 | K30: 899 | L30: 7995 | M30: 2422 | N30: 20063 | O30: 982 | P30: 0 | Q30: 378 | R30: 0.65624609 | S30: 10 | T30: 5 | U30: 15 | V30: 2 | W30: 1 | X30: Business/Construction and Maintenance: 16 Business/Financial Services: 16 Recreation/Travel: 14 Computers/Software/Globalization: 12 Computers/Consultants: 12 Business/Arts and Entertainment: 12 Business: 12 Society/People: 12 Business/Electronics and Electrical: 10 Society/Issues: 10 | Y30: 95.6 | AB30: 04/14/2025 17:22:00
A31: borkurart.com | B31: SEMrush backlink/RD ratio > 10 | C31: 32 | D31: 5 | E31: 22 | F31: 30 | G31: 12 | H31: 15 | I31: 294 | J31: 38 | K31: 149 | L31: 5041 | M31: 431 | N31: 3208 | O31: 384 | P31: 0 | Q31: 85 | R31: 0.96664019 | S31: 17 | T31: 11 | U31: 16 | V31: 1 | W31: 0 | X31: Arts/Architecture: 12 | Y31: 68.2 | AB31: 04/10/2025 18:33:00
A32: britishcomicawards.com | C32: 34 | D32: 6 | E32: 23 | F32: 16 | G32: 15 | H32: 21 | I32: 224 | J32: 337 | K32: 228 | L32: 1304 | M32: 1007 | N32: 3806 | O32: 243 | P32: 0 | Q32: 85 | R32: 0.68091603 | S32: 6 | T32: 3 | U32: 13 | V32: 122 | W32: 1 | X32: Science/Math: 15 Arts/Comics: 12 Arts/Performing Arts: 12 Arts/Music: 11 | Y32: 99.2 | AB32: 04/10/2025 21:28:00
A33: buildingartisansguild.com | B33: Majestic backlink/RD ratio > 10 | C33: 19 | D33: 5 | E33: 53 | F33: 5 | G33: 23 | H33: 19 | I33: 180 | J33: 73 | K33: 195 | L33: 707 | M33: 947 | N33: 8953 | O33: 182 | P33: 0 | Q33: 251 | R33: 0.75035261 | S33: 4 | T33: 13 | U33: 13 | V33: 253 | W33: 1 | X33: Business: 23 | Y33: 100 | AB33: 04/10/2025 16:13:00
A34: bushcommission.org | C34: 31 | D34: 5 | E34: 10 | F34: 17 | G34: 18 | H34: 24 | I34: 287 | J34: 170 | K34: 376 | L34: 1904 | M34: 1483 | N34: 9043 | O34: 264 | P34: 0 | Q34: 87 | R34: 0.9269958 | S34: 7 | T34: 9 | U34: 16 | V34: 1 | W34: 2 | X34: Society/Activism: 17 Arts/Crafts: 16 Society/Issues: 16 Society/Politics: 16 Society/Government: 11 Society/People: 11 Computers/Internet/Web Design and Development: 10 Business/Food and Related Products: 10 Business/Industrial Goods and Services: 10 Games/Board Games: 10 | Y34: 61.3 | AB34: 04/09/2025 17:14:00
A35: calobonga.com | C35: 22 | D35: 5 | E35: 21 | F35: 0 | G35: 11 | H35: 16 | I35: 177 | J35: 86 | K35: 166 | L35: 1150 | M35: 248 | N35: 1624 | O35: 159 | P35: 7 | Q35: 40 | R35: 0.68549088 | S35: 6 | T35: 3 | U35: 15 | V35: 1 | W35: 0 | X35: Recreation/Food: 11 | Y35: 73.9 | AB35: 04/09/2025 19:05:00
A36: camdenabudis.net | C36: 30 | D36: 5 | E36: 16 | F36: 0 | G36: 10 | H36: 17 | I36: 203 | J36: 83 | K36: 185 | L36: 387 | M36: 154 | N36: 3614 | O36: 178 | P36: 0 | Q36: 71 | R36: 0.70542636 | S36: 2 | T36: 2 | U36: 16 | V36: 1 | W36: 2 | X36: Arts/Music: 10 | Y36: 91.9 | AB36: 04/16/2025 18:41:00
A37: carnegiestones.com | C37: 45 | D37: 5 | E37: 10 | F37: 12 | G37: 9 | H37: 17 | I37: 263 | J37: 56 | K37: 277 | L37: 386 | M37: 211 | N37: 996 | O37: 236 | P37: 0 | Q37: 208 | R37: 0.85233161 | S37: 1 | T37: 4 | U37: 14 | V37: 116 | W37: 2 | X37: News/Media Industry: 9 News/Directories: 5 | Y37: 65 | AB37: 04/10/2025 16:31:00
A38: carryingonproject.org | C38: 19 | D38: 5 | E38: 25 | F38: 0 | G38: 8 | H38: 15 | I38: 108 | J38: 77 | K38: 131 | L38: 221 | M38: 156 | N38: 339 | O38: 120 | P38: 11 | Q38: 53 | R38: 0.86425339 | S38: 2 | T38: 2 | U38: 12 | V38: 1 | W38: 0 | X38: Shopping/Holidays: 8 Society/Organizations: 7 Society: 7 Reference/Education: 7 Home/Entertaining: 6 Society/Work: 6 Arts/People: 6 Society/Military: 6 Regional/North America: 6 Health/Alternative: 5 | Y38: 100 | AB38: 04/12/2025 21:15:00
A39: cascadiafest.org | C39: 22 | D39: 5 | E39: 21 | F39: 0 | G39: 19 | H39: 19 | I39: 91 | J39: 41 | K39: 89 | L39: 340 | M39: 150 | N39: 2308 | O39: 106 | P39: 0 | Q39: 39 | R39: 0.90643275 | S39: 4 | T39: 4 | U39: 9 | V39: 2 | W39: 0 | X39: Computers/Programming/Languages: 19 Computers/Internet/Web Design and Development: 11 | Y39: 97.8 | AB39: 04/09/2025 18:07:00
A40: cathlametchamber.com | C40: 23 | D40: 5 | E40: 22 | F40: 18 | G40: 13 | H40: 20 | I40: 721 | J40: 141 | K40: 100 | L40: 5464 | M40: 800 | N40: 526 | O40: 835 | P40: 0 | Q40: 46 | R40: 0.74678899 | S40: 8 | T40: 6 | U40: 14 | V40: 4 | W40: 0 | X40: Business/Small Business: 13 Business: 11 Business/International Business and Trade: 10 Business/Management: 10 Science/Social Sciences: 10 Business/Employment: 9 Regional/North America: 8 Recreation/Travel: 8 Reference/Education: 8 Society: 7 | Y40: 100 | AB40: 04/10/2025 16:24:00
A41: cedarkeybeacon.com | C41: 33 | D41: 5 | E41: 24 | F41: 0 | G41: 31 | H41: 22 | I41: 244 | J41: 476 | K41: 328 | L41: 1486 | M41: 1054 | N41: 1167 | O41: 265 | P41: 0 | Q41: 98 | R41: 0.67315436 | S41: 6 | T41: 2 | U41: 27 | V41: 1 | W41: 0 | X41: News/Newspapers: 31 | Y41: 98.1 | AB41: 04/14/2025 16:48:00
A42: cgiscripts.net | C42: 58 | D42: 5 | E42: 31 | F42: 0 | G42: 11 | H42: 22 | I42: 188 | J42: 219 | K42: 710 | L42: 387 | M42: 263 | N42: 1160 | O42: 147 | P42: 0 | Q42: 346 | R42: 0.91989664 | S42: 2 | T42: 1 | U42: 27 | V42: 3 | W42: 0 | X42: Recreation/Autos: 10 Computers/Internet/Web Design and Development: 9 Business/Business Services: 7 Recreation/Motorcycles: 7 Computers/Software/Graphics: 6 Business/Management: 6 | Y42: 79.6 | AB42: 04/12/2025 16:03:00
A43: cientperiodique.com | C43: 29 | D43: 22 | E43: 27 | F43: 18 | G43: 17 | H43: 20 | I43: 341 | J43: 115 | K43: 175 | L43: 1218 | M43: 226 | N43: 515 | O43: 285 | P43: 0 | Q43: 20 | R43: 0.88095238 | S43: 4 | T43: 2 | U43: 6 | V43: 1620 | W43: 0 | X43: Health/Mental Health: 16 Society/Issues: 12 Health/Professions: 11 Science/Social Sciences: 11 Society/People: 11 Health/Conditions and Diseases: 11 Health/Medicine: 9 Health/Child Health: 9 Health/Pharmacy: 9 | Y43: 82.1 | AB43: 04/09/2025 19:42:00
A44: clintonlionsagfair207.com | C44: 20 | D44: 20 | E44: 18 | F44: 13 | G44: 24 | H44: 18 | I44: 93 | J44: 57 | K44: 104 | L44: 237 | M44: 97 | N44: 443 | O44: 111 | P44: 9 | Q44: 5 | R44: 0.89029536 | S44: 3 | T44: 2 | U44: 5 | V44: 6 | W44: 0 | X44: Recreation/Food: 24 Recreation/Travel: 14 Business: 13 Society/Government: 12 | Y44: 100 | AB44: 04/09/2025 16:51:00
A45: cmswiki.com | B45: Majestic backlink/RD ratio > 10 | C45: 25 | D45: 5 | E45: 26 | F45: 9 | G45: 23 | H45: 24 | I45: 169 | J45: 117 | K45: 175 | L45: 1320 | M45: 1333 | N45: 1894 | O45: 210 | P45: 0 | Q45: 62 | R45: 0.49205148 | S45: 8 | T45: 11 | U45: 21 | V45: 41 | W45: 1 | X45: Computers/Software/Internet: 23 Science/Environment: 14 Computers/Software/Groupware: 13 Computers/Software/Industry-Specific: 13 | Y45: 86.3 | AB45: 04/09/2025 17:29:00
A46: coldfusioncommunity.net | B46: SEMrush backlink/RD ratio > 10 | C46: 27 | D46: 5 | E46: 14 | F46: 7 | G46: 14 | H46: 22 | I46: 234 | J46: 139 | K46: 257 | L46: 2530 | M46: 1211 | N46: 2920 | O46: 239 | P46: 0 | Q46: 57 | R46: 0.53620894 | S46: 11 | T46: 9 | U46: 12 | V46: 8 | W46: 0 | X46: Arts/Music: 13 Science/Physics: 13 Society/People: 9 Reference/Education: 8 | Y46: 75.9 | AB46: 04/09/2025 18:43:00
A47: confessionallutherans.org | B47: Majestic backlink/RD ratio > 10 | C47: 24 | D47: 8 | E47: 24 | F47: 0 | G47: 23 | H47: 18 | I47: 168 | J47: 78 | K47: 214 | L47: 736 | M47: 1373 | N47: 7374 | O47: 154 | P47: 8 | Q47: 37 | R47: 0.53405995 | S47: 4 | T47: 18 | U47: 27 | V47: 10 | W47: 0 | X47: Society/Religion and Spirituality: 23 | Y47: 98.8 | AB47: 04/16/2025 20:29:00
A48: coolsurface.com | C48: 21 | D48: 5 | E48: 22 | F48: 0 | G48: 10 | H48: 17 | I48: 96 | J48: 67 | K48: 126 | L48: 277 | M48: 373 | N48: 536 | O48: 105 | P48: 8 | Q48: 43 | R48: 0.6884058 | S48: 3 | T48: 6 | U48: 21 | V48: 9 | W48: 0 | X48: Computers/Software/Graphics: 10 Computers/Internet/Publications: 9 Computers/Systems: 6 Arts/Comics: 6 Society/Ethnicity: 6 Society/People: 6 | Y48: 94.3 | AB48: 04/15/2025 19:38:00
A49: coonhound911.org | B49: SEMrush backlink/RD ratio > 10 | C49: 15 | D49: 5 | E49: 10 | F49: 2 | G49: 15 | H49: 15 | I49: 164 | J49: 38 | K49: 53 | L49: 2137 | M49: 177 | N49: 301 | O49: 166 | P49: 0 | Q49: 16 | R49: 0.31053604 | S49: 13 | T49: 5 | U49: 24 | V49: 2 | W49: 0 | X49: Society: 15 Recreation/Pets: 12 Recreation/Humor: 9 Computers/Internet: 8 | Y49: 72.1 | AB49: 04/15/2025 18:25:00
A50: cria-metaps-payment.com | B50: Financial services industry; Domain younger than 5 years | C50: 9 | D50: 5 | E50: 21 | F50: 8 | G50: 11 | H50: 13 | I50: 69 | J50: 34 | K50: 51 | L50: 101 | M50: 75 | N50: 147 | O50: 43 | P50: 0 | Q50: 28 | R50: 0.34653465 | S50: 1 | T50: 2 | U50: 4 | V50: 4 | W50: 1 | X50: Business/Financial Services: 11 Arts/Comics: 7 Arts/Music: 6 | Y50: 89.1 | AB50: 04/12/2025 21:04:00
A51: danvillebowl.com | C51: 28 | D51: 24 | E51: 18 | F51: 4 | G51: 17 | H51: 17 | I51: 115 | J51: 44 | K51: 111 | L51: 273 | M51: 105 | N51: 644 | O51: 105 | P51: 7 | Q51: 20 | R51: 0.49450549 | S51: 2 | T51: 2 | U51: 21 | V51: 2 | W51: 0 | X51: Business/Transportation and Logistics: 17 Society/Law: 10 Recreation/Travel: 9 | Y51: 100 | AB51: 04/15/2025 20:47:00
A52: digitalwebcast.com | B52: Financial services industry | C52: 32 | D52: 5 | E52: 12 | F52: 2 | G52: 10 | H52: 18 | I52: 210 | J52: 74 | K52: 188 | L52: 736 | M52: 341 | N52: 1093 | O52: 219 | P52: 0 | Q52: 86 | R52: 0.50552486 | S52: 4 | T52: 5 | U52: 26 | V52: 1 | W52: 0 | X52: Business/Business Services: 10 Health/Mental Health: 6 Recreation/Travel: 6 Computers/CAD and CAM: 6 Home/Gardening: 6 Recreation/Autos: 6 Society/Organizations: 6 Business/Financial Services: 6 Society: 6 | Y52: 89.5 | AB52: 04/13/2025 21:23:00
A53: dnaegfrenewal.com | C53: 40 | D53: 15 | E53: 30 | F53: 0 | G53: 16 | H53: 21 | I53: 270 | J53: 181 | K53: 297 | L53: 1155 | M53: 686 | N53: 1669 | O53: 290 | P53: 7 | Q53: 89 | R53: 0.669869 | S53: 4 | T53: 4 | U53: 16 | V53: 1 | W53: 0 | X53: Recreation/Travel: 16 Health/Beauty: 13 Sports/Tennis: 12 Arts/Design: 9 Health/Conditions and Diseases: 8 | Y53: 95.1 | AB53: 04/09/2025 21:29:00
A54: dummyjim.com | C54: 26 | D54: 5 | E54: 14 | F54: 22 | G54: 14 | H54: 18 | I54: 198 | J54: 92 | K54: 100 | L54: 1443 | M54: 198 | N54: 288 | O54: 190 | P54: 0 | Q54: 46 | R54: 0.96606648 | S54: 7 | T54: 2 | U54: 15 | V54: 1 | W54: 0 | X54: Arts: 14 Health/Conditions and Diseases: 9 | Y54: 95.6 | AB54: 04/15/2025 19:39:00
A55: dutchforcongress.com | C55: 30 | D55: 20 | E55: 15 | F55: 10 | G55: 25 | H55: 22 | I55: 134 | J55: 305 | K55: 181 | L55: 446 | M55: 861 | N55: 11938 | O55: 162 | P55: 3 | Q55: 25 | R55: 0.82959641 | S55: 3 | T55: 3 | U55: 23 | V55: 94 | W55: 1 | X55: Society/Government: 25 Society/Politics: 19 Science/Social Sciences: 14 | Y55: 99.1 | AB55: 04/16/2025 16:41:00
A56: eagletennisclub.com | C56: 16 | D56: 12 | E56: 11 | F56: 9 | G56: 8 | H56: 15 | I56: 172 | J56: 36 | K56: 118 | L56: 342 | M56: 52 | N56: 200 | O56: 202 | P56: 0 | Q56: 8 | R56: 0.85755814 | S56: 2 | T56: 1 | U56: 12 | V56: 16500 | W56: 0 | X56: Business/Real Estate: 7 Arts/Music: 7 Recreation: 7 Sports/Badminton: 7 Arts: 7 Society/Philanthropy: 7 Recreation/Food: 7 Business: 7 World/Italiano: 7 Recreation/Travel: 6 | Y56: 100 | AB56: 04/11/2025 20:14:00
A57: edykachilome.com | B57: Financial services industry | C57: 19 | D57: 12 | E57: 15 | F57: 3 | G57: 15 | H57: 14 | I57: 104 | J57: 76 | K57: 102 | L57: 305 | M57: 98 | N57: 140 | O57: 107 | P57: 8 | Q57: 5 | R57: 0.33660131 | S57: 3 | T57: 1 | U57: 10 | V57: 40 | W57: 1 | X57: Society/Organizations: 15 Reference/Education: 9 Business/Financial Services: 9 Society/Issues: 8 | Y57: 100 | AB57: 04/09/2025 16:49:00
A58: encinochamber.org | C58: 33 | D58: 5 | E58: 36 | F58: 15 | G58: 30 | H58: 22 | I58: 310 | J58: 613 | K58: 428 | L58: 1319 | M58: 1029 | N58: 2910 | O58: 306 | P58: 0 | Q58: 124 | R58: 0.89689158 | S58: 4 | T58: 2 | U58: 25 | V58: 1 | W58: 0 | X58: Business: 30 | Y58: 98.1 | AB58: 04/13/2025 16:39:00
A59: enlacesuruguayos.com | B59: SEMrush backlink/RD ratio > 10 | C59: 33 | D59: 5 | E59: 16 | F59: 0 | G59: 20 | H59: 20 | I59: 242 | J59: 415 | K59: 325 | L59: 3556 | M59: 561 | N59: 13882 | O59: 200 | P59: 0 | Q59: 81 | R59: 0.61363636 | S59: 15 | T59: 1 | U59: 21 | V59: 1 | W59: 2 | X59: Society/History: 20 Reference/Education: 12 | Y59: 72.3 | AB59: 04/14/2025 19:30:00
A60: evefremont.com | C60: 30 | D60: 21 | E60: 27 | F60: 5 | G60: 12 | H60: 18 | I60: 143 | J60: 54 | K60: 128 | L60: 392 | M60: 92 | N60: 470 | O60: 153 | P60: 0 | Q60: 41 | R60: 0.71319797 | S60: 3 | T60: 2 | U60: 10 | V60: 1 | W60: 0 | X60: Recreation/Travel: 11 News/Magazines and E-zines: 10 Shopping/Food: 10 Society: 9 Society/Issues: 9 Recreation/Food: 8 Shopping: 7 | Y60: 95.4 | AB60: 04/09/2025 18:39:00
A61: fastromantics.com | C61: 35 | D61: 15 | E61: 25 | F61: 21 | G61: 13 | H61: 20 | I61: 227 | J61: 104 | K61: 238 | L61: 1521 | M61: 351 | N61: 2403 | O61: 247 | P61: 0 | Q61: 62 | R61: 0.94719472 | S61: 7 | T61: 3 | U61: 16 | V61: 1 | W61: 0 | X61: Arts: 13 Arts/Music: 9 Arts/Radio: 9 Business/Real Estate: 8 | Y61: 95.8 | AB61: 04/09/2025 20:58:00
A62: fireengines.net | B62: Majestic backlink/RD ratio > 10 | C62: 27 | D62: 11 | E62: 10 | F62: 7 | G62: 10 | H62: 18 | I62: 325 | J62: 67 | K62: 556 | L62: 874 | M62: 1046 | N62: 1761 | O62: 230 | P62: 0 | Q62: 44 | R62: 0.71052632 | S62: 3 | T62: 16 | U62: 22 | V62: 134 | W62: 1 | X62: Recreation/Models: 10 | Y62: 94.7 | AB62: 04/08/2025 18:25:00
A63: fitnessedge.net | C63: 31 | D63: 5 | E63: 30 | F63: 10 | G63: 15 | H63: 20 | I63: 531 | J63: 247 | K63: 902 | L63: 1504 | M63: 803 | N63: 2661 | O63: 519 | P63: 0 | Q63: 94 | R63: 0.74933687 | S63: 3 | T63: 3 | U63: 25 | V63: 1 | W63: 0 | X63: Computers/Internet/Web Design and Development: 14 Computers/Internet/Searching: 14 Sports/Boxing: 9 Arts/Architecture: 9 Health/Medicine: 9 Computers/Software/Retailers: 8 Science/Environment: 8 | Y63: 98.2 | AB63: 04/09/2025 16:14:00
A64: fllite.org | C64: 24 | D64: 5 | E64: 13 | F64: 9 | G64: 9 | H64: 14 | I64: 75 | J64: 46 | K64: 96 | L64: 209 | M64: 80 | N64: 480 | O64: 86 | P64: 11 | Q64: 40 | R64: 0.90430622 | S64: 3 | T64: 2 | U64: 10 | V64: 68 | W64: 0 | X64: Science/Social Sciences: 8 Reference/Education: 8 Society/Law: 6 | Y64: 100 | AB64: 04/10/2025 19:20:00
A65: footreflexology.com | C65: 17 | D65: 5 | E65: 21 | F65: 5 | G65: 14 | H65: 16 | I65: 112 | J65: 49 | K65: 72 | L65: 324 | M65: 104 | N65: 284 | O65: 102 | P65: 7 | Q65: 28 | R65: 0.6749226 | S65: 3 | T65: 2 | U65: 25 | V65: 10 | W65: 1 | X65: Arts/Music: 14 | Y65: 91.1 | AB65: 04/11/2025 21:19:00
A66: forgevenue.org | B66: SEMrush backlink/RD ratio > 10 | C66: 43 | D66: 5 | E66: 38 | F66: 5 | G66: 16 | H66: 20 | I66: 376 | J66: 157 | K66: 379 | L66: 6163 | M66: 2096 | N66: 2794 | O66: 363 | P66: 4 | Q66: 199 | R66: 0.96155718 | S66: 16 | T66: 13 | U66: 17 | V66: 1 | W66: 1 | X66: Arts/Music: 16 News/Newspapers: 9 Society: 8 | Y66: 98 | AB66: 04/13/2025 18:28:00
A67: fornextsoft.com | B67: SEMrush backlink/RD ratio > 10 | C67: 63 | D67: 5 | E67: 25 | F67: 6 | G67: 20 | H67: 16 | I67: 137 | J67: 57 | K67: 214 | L67: 1769 | M67: 320 | N67: 1401 | O67: 154 | P67: 0 | Q67: 389 | R67: 0.26452341 | S67: 13 | T67: 6 | U67: 20 | V67: 1 | W67: 0 | X67: Computers/Software/Internet: 20 Computers/Usenet: 18 Computers/Software/Operating Systems: 16 Computers/Programming/Internet: 13 Science/Physics: 12 Games/Online: 11 Society/Philosophy: 11 Computers/Programming/Software Testing: 11 Computers/Systems: 11 | Y67: 80.4 | AB67: 04/11/2025 19:52:00
A68: friendsoffortmacon.org | C68: 24 | D68: 5 | E68: 12 | F68: 9 | G68: 11 | H68: 17 | I68: 103 | J68: 281 | K68: 92 | L68: 237 | M68: 303 | N68: 395 | O68: 117 | P68: 11 | Q68: 41 | R68: 0.6835443 | S68: 2 | T68: 1 | U68: 12 | V68: 1 | W68: 0 | X68: Reference/Almanacs: 11 Society/Law: 10 Reference/Education: 9 Society/History: 7 Reference/Libraries: 7 | Y68: 99.6 | AB68: 04/09/2025 17:56:00
A69: generosityforlife.org | B69: Marketing industry | C69: 34 | D69: 13 | E69: 33 | F69: 12 | G69: 11 | H69: 20 | I69: 174 | J69: 61 | K69: 190 | L69: 827 | M69: 103 | N69: 1078 | O69: 200 | P69: 11 | Q69: 94 | R69: 0.66464156 | S69: 5 | T69: 2 | U69: 8 | V69: 488 | W69: 1 | X69: Society/Religion and Spirituality: 10 Society/Organizations: 10 Reference/Education: 9 Reference/Museums: 9 Society/Sexuality: 9 Society/Philanthropy: 8 Business/Marketing and Advertising: 8 Science/Science in Society: 8 Arts/Music: 8 Science/Social Sciences: 8 | Y69: 96 | AB69: 04/09/2025 21:02:00
A70: girlsrockmovie.com | C70: 39 | D70: 5 | E70: 22 | F70: 1 | G70: 11 | H70: 19 | I70: 279 | J70: 111 | K70: 313 | L70: 1477 | M70: 391 | N70: 3623 | O70: 248 | P70: 0 | Q70: 134 | R70: 0.8097166 | S70: 5 | T70: 4 | U70: 19 | V70: 3 | W70: 0 | X70: Recreation/Travel: 10 Home/Personal Organization: 9 Business/Textiles and Nonwovens: 8 Computers/Internet: 8 Regional/Europe: 8 Sports/Equestrian: 7 Society/People: 7 Computers/Programming/Personal Pages: 6 | Y70: 65.7 | AB70: 04/15/2025 20:18:00
A71: gizohotel.com | C71: 11 | D71: 15 | E71: 21 | F71: 0 | G71: 11 | H71: 15 | I71: 63 | J71: 25 | K71: 60 | L71: 111 | M71: 38 | N71: 91 | O71: 66 | P71: 10 | Q71: 13 | R71: 0.88288288 | S71: 2 | T71: 2 | U71: 20 | V71: 38 | W71: 0 | X71: Computers/Internet/Searching: 11 Recreation/Travel: 10 Business/Hospitality: 9 Science/Environment: 9 Recreation/Outdoors: 8 Business/Transportation and Logistics: 8 Business/Business Services: 8 Business/Construction and Maintenance: 7 Reference/Maps: 7 Sports/Motorsports: 6 | Y71: 70.2 | AB71: 04/11/2025 21:02:00
A72: graphdat.com | C72: 18 | D72: 5 | E72: 40 | F72: 18 | G72: 11 | H72: 17 | I72: 114 | J72: 84 | K72: 64 | L72: 434 | M72: 234 | N72: 352 | O72: 128 | P72: 0 | Q72: 141 | R72: 0.74022989 | S72: 4 | T72: 3 | U72: 11 | V72: 1 | W72: 1 | X72: Computers/Programming/Languages: 11 Computers/Artificial Intelligence: 11 Computers/Data Formats: 9 Computers/Open Source: 9 Computers/Performance and Capacity: 6 | Y72: 94.6 | AB72: 04/08/2025 18:14:00
A73: greatbasinlcc.org | C73: 22 | D73: 5 | E73: 36 | F73: 27 | G73: 18 | H73: 18 | I73: 153 | J73: 108 | K73: 96 | L73: 672 | M73: 318 | N73: 574 | O73: 165 | P73: 0 | Q73: 99 | R73: 0.82738095 | S73: 4 | T73: 3 | U73: 12 | V73: 1 | W73: 1 | X73: Recreation/Outdoors: 18 Society/Government: 10 Science/Environment: 10 | Y73: 99.3 | AB73: 04/08/2025 19:39:00
A74: greenecoservices.com | C74: 46 | D74: 21 | E74: 43 | F74: 0 | G74: 27 | H74: 24 | I74: 1237 | J74: 725 | K74: 1229 | L74: 6492 | M74: 1433 | N74: 4941 | O74: 1001 | P74: 0 | Q74: 105 | R74: 0.81671034 | S74: 5 | T74: 2 | U74: 17 | V74: 1670 | W74: 1 | X74: Science/Environment: 27 Home/Personal Organization: 17 Science/Social Sciences: 15 Computers/Software/File Management: 14 Shopping/Home and Garden: 13 Society/People: 13 | Y74: 95.3 | AB74: 04/13/2025 21:07:00
A75: grieveoutloud.org | C75: 29 | D75: 5 | E75: 33 | F75: 7 | G75: 26 | H75: 19 | I75: 284 | J75: 94 | K75: 318 | L75: 794 | M75: 623 | N75: 12848 | O75: 236 | P75: 0 | Q75: 97 | R75: 0.59319899 | S75: 3 | T75: 7 | U75: 15 | V75: 1 | W75: 0 | X75: Home/Family: 26 Society/Government: 15 | Y75: 99.3 | AB75: 04/12/2025 19:57:00
A76: grnesolar.com | C76: 27 | D76: 18 | E76: 29 | F76: 13 | G76: 14 | H76: 20 | I76: 314 | J76: 223 | K76: 284 | L76: 1884 | M76: 477 | N76: 1544 | O76: 243 | P76: 10 | Q76: 31 | R76: 0.79871176 | S76: 6 | T76: 2 | U76: 8 | V76: 1 | W76: 0 | X76: Business: 14 Regional/North America: 11 Home/Gardening: 10 Business/Construction and Maintenance: 8 Society/Issues: 7 | Y76: 99.3 | AB76: 04/15/2025 17:29:00
A77: groombridgeplace.com | C77: 48 | D77: 23 | E77: 39 | F77: 8 | G77: 30 | H77: 23 | I77: 596 | J77: 375 | K77: 561 | L77: 1928 | M77: 810 | N77: 216586 | O77: 475 | P77: 0 | Q77: 94 | R77: 0.63948052 | S77: 3 | T77: 2 | U77: 24 | V77: 1 | W77: 1 | X77: Home/Gardening: 30 | Y77: 96.6 | AB77: 04/15/2025 16:38:00
A78: guitarchordsmagic.com | C78: 36 | D78: 20 | E78: 22 | F78: 10 | G78: 27 | H78: 22 | I78: 1350 | J78: 488 | K78: 1197 | L78: 7110 | M78: 1252 | N78: 3806 | O78: 1136 | P78: 3 | Q78: 33 | R78: 0.86824324 | S78: 5 | T78: 3 | U78: 20 | V78: 72 | W78: 0 | X78: Arts/Music: 27 | Y78: 93.7 | AB78: 04/15/2025 16:43:00
A79: health-cares.net | C79: 39 | D79: 5 | E79: 35 | F79: 0 | G79: 17 | H79: 26 | I79: 761 | J79: 1145 | K79: 854 | L79: 6905 | M79: 3136 | N79: 11356 | O79: 674 | P79: 0 | Q79: 152 | R79: 0.66381684 | S79: 9 | T79: 3 | U79: 20 | V79: 1 | W79: 1 | X79: Society/Paranormal: 17 Computers/Internet/Searching: 11 Shopping/Jewelry: 10 Health/Conditions and Diseases: 9 Society/History: 9 Society/Issues: 9 Sports/Soccer: 9 Society/Politics: 9 | Y79: 94.1 | AB79: 04/08/2025 19:04:00
A80: helloraya.com | C80: 23 | D80: 17 | E80: 19 | F80: 8 | G80: 10 | H80: 20 | I80: 362 | J80: 127 | K80: 314 | L80: 1146 | M80: 437 | N80: 3006 | O80: 399 | P80: 10 | Q80: 19 | R80: 0.66724739 | S80: 3 | T80: 3 | U80: 9 | V80: 6 | W80: 1 | X80: Society/People: 9 Recreation/Food: 9 Recreation/Travel: 9 Reference/Education: 8 Arts/Performing Arts: 6 | Y80: 96.2 | AB80: 04/10/2025 16:06:00
A81: hogantrading.com | C81: 20 | D81: 18 | E81: 11 | F81: 10 | G81: 15 | H81: 15 | I81: 104 | J81: 39 | K81: 103 | L81: 306 | M81: 87 | N81: 243 | O81: 118 | P81: 5 | Q81: 9 | R81: 0.59150327 | S81: 3 | T81: 2 | U81: 24 | V81: 2 | W81: 0 | X81: Recreation/Travel: 15 Recreation/Outdoors: 11 | Y81: 98.7 | AB81: 04/12/2025 20:51:00
A82: homedialyzorsunited.org | B82: Financial services industry | C82: 27 | D82: 15 | E82: 40 | F82: 11 | G82: 15 | H82: 21 | I82: 262 | J82: 164 | K82: 316 | L82: 2086 | M82: 1079 | N82: 1873 | O82: 298 | P82: 0 | Q82: 87 | R82: 0.27190476 | S82: 8 | T82: 7 | U82: 14 | V82: 109 | W82: 0 | X82: Health/Medicine: 15 Health/Conditions and Diseases: 14 Society/Organizations: 11 Business/Financial Services: 11 Business/Healthcare: 9 Society/Disabled: 8 Health/Pharmacy: 8 Shopping/Publications: 8 | Y82: 80.6 | AB82: 04/16/2025 19:56:00
A83: honumaui.com | C83: 37 | D83: 26 | E83: 37 | F83: 5 | G83: 13 | H83: 21 | I83: 361 | J83: 144 | K83: 347 | L83: 1055 | M83: 426 | N83: 1155 | O83: 373 | P83: 5 | Q83: 87 | R83: 0.8245283 | S83: 3 | T83: 3 | U83: 14 | V83: 1 | W83: 0 | X83: Recreation: 13 Recreation/Travel: 12 News/Magazines and E-zines: 11 Home/Consumer Information: 7 Society/People: 7 | Y83: 88.1 | AB83: 04/16/2025 18:38:00
A84: hopsnscotchbar.com | C84: 35 | D84: 22 | E84: 21 | F84: 14 | G84: 17 | H84: 17 | I84: 218 | J84: 93 | K84: 164 | L84: 637 | M84: 172 | N84: 850 | O84: 259 | P84: 5 | Q84: 44 | R84: 0.6844584 | S84: 3 | T84: 2 | U84: 13 | V84: 1 | W84: 0 | X84: Business/Real Estate: 17 | Y84: 98.2 | AB84: 04/09/2025 20:41:00
A85: houstonfunplex.com | C85: 35 | D85: 24 | E85: 21 | F85: 14 | G85: 10 | H85: 20 | I85: 333 | J85: 116 | K85: 286 | L85: 780 | M85: 296 | N85: 1009 | O85: 342 | P85: 8 | Q85: 64 | R85: 0.68152866 | S85: 2 | T85: 3 | U85: 14 | V85: 156 | W85: 2 | X85: Recreation/Food: 10 Science/Social Sciences: 9 Shopping/Food: 9 Recreation/Travel: 9 Reference/Education: 8 Business/Food and Related Products: 8 Business/Major Companies: 8 Shopping: 7 Business/Directories: 7 Science/Environment: 7 | Y85: 95.8 | AB85: 04/10/2025 18:21:00
A86: ifoa.org | B86: Majestic backlink/RD ratio > 10 | C86: 49 | D86: 5 | E86: 41 | F86: 21 | G86: 30 | H86: 24 | I86: 506 | J86: 234 | K86: 559 | L86: 4301 | M86: 2811 | N86: 4068 | O86: 472 | P86: 7 | Q86: 229 | R86: 0.75481327 | S86: 8 | T86: 12 | U86: 20 | V86: 1 | W86: 0 | X86: Arts/Writers Resources: 30 | Y86: 85.7 | AB86: 04/12/2025 18:35:00
A87: indiaedunews.net | C87: 39 | D87: 6 | E87: 51 | F87: 29 | G87: 13 | H87: 26 | I87: 756 | J87: 732 | K87: 975 | L87: 6372 | M87: 4232 | N87: 38037 | O87: 575 | P87: 0 | Q87: 272 | R87: 0.67810483 | S87: 8 | T87: 6 | U87: 22 | V87: 13300 | W87: 0 | X87: Science/Social Sciences: 12 Society/Issues: 12 Arts/Music: 10 Society: 10 Society/Government: 9 Computers/Internet/On the Web: 9 Business/Industrial Goods and Services: 8 Business/Food and Related Products: 8 Science/Environment: 8 Business: 8 | Y87: 73.1 | AB87: 04/13/2025 17:17:00
A88: ipefinvestorforum.org | B88: Domain younger than 5 years | C88: 19 | D88: 5 | E88: 23 | F88: 0 | G88: 9 | H88: 15 | I88: 154 | J88: 41 | K88: 92 | L88: 375 | M88: 97 | N88: 266 | O88: 122 | P88: 0 | Q88: 43 | R88: 0.29473684 | S88: 2 | T88: 2 | U88: 1 | V88: 1 | W88: 1 | X88: Society/Politics: 9 Business/Chemicals: 6 Business/Real Estate: 6 Business/Opportunities: 5 Arts: 5 | Y88: 84.3 | AB88: 04/10/2025 19:52:00
A89: itmanagerdaily.com | B89: Marketing industry | C89: 39 | D89: 6 | E89: 50 | F89: 0 | G89: 14 | H89: 23 | I89: 408 | J89: 238 | K89: 488 | L89: 1154 | M89: 752 | N89: 4217 | O89: 424 | P89: 0 | Q89: 259 | R89: 0.71588946 | S89: 3 | T89: 3 | U89: 15 | V89: 1 | W89: 0 | X89: Computers/Internet/Web Design and Development: 13 Computers/Software/Networking: 13 Computers/Software/Groupware: 11 Business/Marketing and Advertising: 11 Computers/Emulators: 9 Reference/Knowledge Management: 9 Computers/Software/Databases: 8 | Y89: 94.2 | AB89: 04/09/2025 20:28:00
A90: jessicamudditt.com | C90: 29 | D90: 5 | E90: 24 | F90: 9 | G90: 12 | H90: 18 | I90: 214 | J90: 85 | K90: 193 | L90: 788 | M90: 162 | N90: 906 | O90: 233 | P90: 0 | Q90: 72 | R90: 0.43092522 | S90: 4 | T90: 2 | U90: 16 | V90: 1 | W90: 0 | X90: Business/Accounting: 12 Society/Transgender: 8 | Y90: 95.2 | AB90: 04/11/2025 18:55:00
A91: julienewmarwrites.com | C91: 25 | D91: 5 | E91: 17 | F91: 4 | G91: 14 | H91: 16 | I91: 199 | J91: 65 | K91: 185 | L91: 350 | M91: 217 | N91: 1178 | O91: 169 | P91: 0 | Q91: 41 | R91: 0.71428571 | S91: 2 | T91: 3 | U91: 17 | V91: 1 | W91: 0 | X91: Recreation/Climbing: 14 Computers/Internet: 13 Society/Organizations: 9 Society/People: 9 Recreation/Pets: 8 Computers/Hardware: 8 | Y91: 96.1 | AB91: 04/09/2025 17:04:00
A92: kidschance-md.org | C92: 31 | D92: 6 | E92: 26 | F92: 8 | G92: 19 | H92: 17 | I92: 387 | J92: 51 | K92: 63 | L92: 1951 | M92: 203 | N92: 321 | O92: 492 | P92: 9 | Q92: 73 | R92: 0.88075742 | S92: 5 | T92: 4 | U92: 21 | V92: 1 | W92: 0 | X92: Business: 19 Society/Government: 15 Society/Law: 14 Society/Organizations: 13 Reference/Education: 11 Sports/Soccer: 11 Regional/North America: 10 Science/Earth Sciences: 10 | Y92: 88.9 | AB92: 04/12/2025 19:33:00
A93: kidslitreview.com | C93: 18 | D93: 18 | E93: 11 | F93: 1 | G93: 19 | H93: 15 | I93: 127 | J93: 47 | K93: 103 | L93: 694 | M93: 121 | N93: 7481 | O93: 135 | P93: 0 | Q93: 9 | R93: 0.68405797 | S93: 5 | T93: 3 | U93: 7 | V93: 4820 | W93: 1 | X93: Arts/Literature: 19 Arts/Writers Resources: 11 Business/Business Services: 10 | Y93: 93.5 | AB93: 04/09/2025 19:15:00
A94: kopsport.com | B94: Follow % above 98%; SEMrush backlink/RD ratio > 10 | C94: 16 | D94: 17 | E94: 35 | F94: 0 | G94: 11 | H94: 18 | I94: 408 | J94: 94 | K94: 272 | L94: 6947 | M94: 220 | N94: 2434 | O94: 401 | P94: 0 | Q94: 67 | R94: 0.99582494 | S94: 17 | T94: 2 | U94: 14 | V94: 1 | W94: 0 | X94: Computers: 11 | Y94: 63.1 | AB94: 04/09/2025 20:54:00
A95: ku4ay.net | C95: 23 | D95: 6 | E95: 32 | F95: 2 | G95: 17 | H95: 17 | I95: 131 | J95: 49 | K95: 112 | L95: 586 | M95: 323 | N95: 1272 | O95: 120 | P95: 6 | Q95: 72 | R95: 0.91467577 | S95: 4 | T95: 7 | U95: 24 | V95: 1 | W95: 2 | X95: Recreation/Radio: 16 Science/Technology: 15 Computers/Hardware: 12 Computers/Data Communications: 9 Science/Educational Resources: 9 | Y95: 83.3 | AB95: 04/08/2025 16:40:00
A96: latenitelabs.com | B96: SEMrush backlink/RD ratio > 10 | C96: 31 | D96: 5 | E96: 25 | F96: 25 | G96: 14 | H96: 18 | I96: 2103 | J96: 77 | K96: 248 | L96: 36144 | M96: 752 | N96: 2095 | O96: 2034 | P96: 7 | Q96: 80 | R96: 0.81550987 | S96: 17 | T96: 10 | U96: 22 | V96: 1 | W96: 1 | X96: Reference/Education: 14 Regional/Europe: 8 Arts/Music: 8 | Y96: 74.8 | AB96: 04/10/2025 17:35:00
A97: lathefamily.org | B97: SEMrush backlink/RD ratio > 10 | C97: 26 | D97: 5 | E97: 16 | F97: 0 | G97: 14 | H97: 19 | I97: 195 | J97: 86 | K97: 246 | L97: 2378 | M97: 664 | N97: 9951 | O97: 177 | P97: 0 | Q97: 47 | R97: 0.91505467 | S97: 12 | T97: 8 | U97: 26 | V97: 1 | W97: 2 | X97: Society/Gay Lesbian and Bisexual: 14 Shopping/Niche: 13 Home/Family: 10 Recreation/Motorcycles: 9 Recreation/Autos: 9 News/Weblogs: 9 Arts/Music: 9 Society/Organizations: 8 Society/Transgender: 8 Shopping/Jewelry: 8 | Y97: 99.8 | AB97: 04/08/2025 20:28:00
A98: libertyhallpizza.com | C98: 24 | D98: 14 | E98: 20 | F98: 17 | G98: 10 | H98: 18 | I98: 249 | J98: 111 | K98: 417 | L98: 2258 | M98: 414 | N98: 2395 | O98: 283 | P98: 10 | Q98: 23 | R98: 0.21902269 | S98: 9 | T98: 4 | U98: 13 | V98: 1 | W98: 0 | X98: Recreation/Travel: 10 Society: 8 Recreation/Autos: 7 Shopping/Clothing: 7 Society/Philosophy: 6 | Y98: 93.1 | AB98: 04/11/2025 16:12:00
A99: littlejstyle.com | C99: 31 | D99: 5 | E99: 26 | F99: 6 | G99: 18 | H99: 19 | I99: 197 | J99: 91 | K99: 234 | L99: 587 | M99: 294 | N99: 942 | O99: 192 | P99: 0 | Q99: 77 | R99: 0.63202726 | S99: 3 | T99: 3 | U99: 12 | V99: 1 | W99: 0 | X99: Shopping/Health: 18 | Y99: 97.2 | AB99: 04/08/2025 21:17:00
A100: lokalocal.com | C100: 33 | D100: 5 | E100: 40 | F100: 13 | G100: 13 | H100: 22 | I100: 692 | J100: 212 | K100: 811 | L100: 1946 | M100: 704 | N100: 5938 | O100: 446 | P100: 10 | Q100: 163 | R100: 0.64245524 | S100: 3 | T100: 3 | U100: 9 | V100: 1 | W100: 2 | X100: Recreation/Travel: 13 Regional/Asia: 8 | Y100: 87.4 | AB100: 04/15/2025 17:57:00
...

Sheet Did Not Make the Cut
A1: Domain Info | C1: Authority Metrics | I1: Referring Domains | L1: Backlinks | P1: Spam Score | Q1: Analysing Tools | R1: Ratios | U1: Additional Metrics | Y1: Language Metrics | Z1: Analysis
A2: Name | B2: Reason | C2: DA | D2: AS | E2: DR | F2: UR | G2: TF | H2: CF | I2: S RD | J2: M RD | K2: A RD | L2: S BL | M2: M BL | N2: A BL | O2: IP'S | P2: SZ | Q2: Variance | R2: Follow % | S2: S (BL/RD) | T2: M (BL/RD) | U2: Age | V2: Indexed | W2: Drops | X2: MT | Y2: English % | Z2: Suitability | AA2: History | AB2: Expiry
A3: Name | B3: Reason | C3: DA | D3: AS | E3: DR | F3: UR | G3: TF | H3: CF | I3: S RD | J3: M RD | K3: A RD | L3: S BL | M3: M BL | N3: A BL | O3: IP'S | P3: SZ | Q3: Variance | R3: Follow % | S3: S (BL/RD) | T3: M (BL/RD) | U3: Age | V3: Indexed | W3: Drops | X3: MT | Y3: English % | Z3: Suitability | AA3: History | AB3: Expiry
A4: 1-stop-guide.com | B4: Authority Score too low: 2 (minimum 5 required) | C4: 15 | D4: 2 | E4: 33 | F4: 0 | G4: 23 | H4: 18 | I4: 76 | J4: 37 | K4: 68 | L4: 163 | M4: 856 | N4: 1768 | O4: 75 | P4: 0 | Q4: 103 | R4: 0.73006135 | S4: 2 | T4: 23 | U4: 26 | V4: 1 | W4: 1 | X4: Shopping/Vehicles: 23 | Y4: 100 | AB4: 04/12/2025 18:37:00
A5: 19nitten.com | B5: Prohibited topic: Adult content | C5: 27 | D5: 10 | E5: 18 | F5: 4 | G5: 20 | H5: 19 | I5: 132 | J5: 87 | K5: 120 | L5: 852 | M5: 1433 | N5: 7182 | O5: 98 | P5: 9 | Q5: 29 | R5: 0.86619718 | S5: 6 | T5: 16 | U5: 27 | V5: 1 | W5: 0 | X5: Adult/Image Galleries: 20 | Y5: 99.4 | AB5: 04/11/2025 18:36:00
A6: 23is-back.com | B6: Authority Score too low: 4 (minimum 5 required) | C6: 25 | D6: 4 | E6: 52 | F6: 19 | G6: 14 | H6: 20 | I6: 655 | J6: 410 | K6: 1247 | L6: 4577 | M6: 1893 | N6: 18351 | O6: 287 | P6: 0 | Q6: 259 | R6: 0.9556478 | S6: 7 | T6: 5 | U6: 5 | V6: 1 | W6: 0 | X6: Shopping: 13 Regional/Asia: 13 Recreation/Pets: 11 Arts/Music: 9 Shopping/Recreation: 8 | Y6: 21.4 | AB6: 04/13/2025 20:25:00
A7: 3dfilmfest.com | B7: Authority Score too low: 4 (minimum 5 required) | C7: 26 | D7: 4 | E7: 10 | F7: 14 | G7: 12 | H7: 20 | I7: 165 | J7: 320 | K7: 140 | L7: 682 | M7: 650 | N7: 1752 | O7: 193 | P7: 0 | Q7: 60 | R7: 0.50658858 | S7: 4 | T7: 2 | U7: 20 | V7: 1 | W7: 0 | X7: Society/People: 12 Arts/Movies: 10 Arts/Music: 8 Business/Arts and Entertainment: 7 | Y7: 95.6 | AB7: 04/11/2025 17:50:00
A8: 4orienteering.com | B8: SEMrush backlink/RD ratio too high: 34 (maximum 20); Majestic backlink/RD ratio too high: 40 (maximum 20) | C8: 26 | D8: 18 | E8: 29 | F8: 1 | G8: 27 | H8: 26 | I8: 174 | J8: 209 | K8: 213 | L8: 5996 | M8: 8365 | N8: 41675 | O8: 187 | P8: 3 | Q8: 14 | R8: 0.28241593 | S8: 34 | T8: 40 | U8: 21 | V8: 57 | W8: 0 | X8: Recreation/Food: 25 Sports/Orienteering: 23 Society/Issues: 20 | Y8: 100 | AB8: 04/13/2025 21:00:00
A9: aa-hall.com | B9: English percentage too low: 7.6% (minimum 60% required) | C9: 27 | D9: 5 | E9: 33 | F9: 0 | G9: 14 | H9: 16 | I9: 101 | J9: 39 | K9: 115 | L9: 269 | M9: 80 | N9: 278 | O9: 118 | P9: 0 | Q9: 98 | R9: 0.91449814 | S9: 3 | T9: 2 | U9: 23 | V9: 1 | W9: 0 | X9: Computers/Internet/Searching: 14 Computers/Software/Operating Systems: 9 | Y9: 7.6 | AB9: 04/13/2025 21:19:00
A10: acadianbus.com | B10: Authority Score too low: 3 (minimum 5 required) | C10: 30 | D10: 3 | E10: 17 | F10: 4 | G10: 19 | H10: 18 | I10: 118 | J10: 42 | K10: 122 | L10: 455 | M10: 165 | N10: 735 | O10: 141 | P10: 0 | Q10: 74 | R10: 0.78241758 | S10: 4 | T10: 4 | U10: 25 | V10: 1 | W10: 0 | X10: Recreation/Roads and Highways: 19 Business/Transportation and Logistics: 16 News/Media Industry: 15 Business: 11 Computers/Internet/Domain Names: 11 | Y10: 85 | AB10: 04/13/2025 17:41:00
A11: accessupseo.com | B11: Authority Score too low: 3 (minimum 5 required) | C11: 20 | D11: 3 | E11: 15 | F11: 0 | G11: 18 | H11: 18 | I11: 105 | J11: 57 | K11: 111 | L11: 206 | M11: 105 | N11: 220 | O11: 111 | P11: 0 | Q11: 37 | R11: 0.94660194 | S11: 2 | T11: 2 | U11: 16 | V11: 1 | W11: 0 | X11: Regional/Asia: 18 Arts/Performing Arts: 15 | Y11: 2.3 | AB11: 04/12/2025 16:57:00
A12: aebdistribuzioni.com | B12: English percentage too low: 15.3% (minimum 60% required); SEMrush backlink/RD ratio too high: 106 (maximum 20); Majestic backlink/RD ratio too high: 59 (maximum 20) | C12: 22 | D12: 5 | E12: 21 | F12: 0 | G12: 22 | H12: 17 | I12: 91 | J12: 39 | K12: 70 | L12: 9632 | M12: 2291 | N12: 9862 | O12: 77 | P12: 10 | Q12: 42 | R12: 0.98878505 | S12: 106 | T12: 59 | U12: 10 | V12: 30 | W12: 1 | X12: Business/Arts and Entertainment: 22 Arts/Music: 12 | Y12: 15.3 | AB12: 04/15/2025 18:56:00
A13: affordablehomesforsaleca.com | B13: Authority Score too low: 4 (minimum 5 required) | C13: 11 | D13: 4 | E13: 25 | F13: 34 | G13: 14 | H13: 17 | I13: 1147 | J13: 52 | K13: 172 | L13: 55071 | M13: 135 | N13: 911 | O13: 1167 | P13: 0 | Q13: 48 | R13: 0.99428011 | S13: 48 | T13: 3 | U13: 0 | V13: 1 | W13: 0 | X13: Business/Automotive: 14 | Y13: 86.8 | AB13: 04/12/2025 20:34:00
A14: ahlannet.com | B14: Authority Score too low: 4 (minimum 5 required) | C14: 9 | D14: 4 | E14: 10 | F14: 5 | G14: 7 | H14: 14 | I14: 61 | J14: 28 | K14: 58 | L14: 96 | M14: 489 | N14: 157 | O14: 65 | P14: 0 | Q14: 11 | R14: 0.78125 | S14: 2 | T14: 17 | U14: 18 | V14: 137 | W14: 0 | X14: Science/Chemistry: 7 | Y14: 100 | AB14: 04/10/2025 19:50:00
A15: aide-emploi.net | B15: English percentage too low: 47.7% (minimum 60% required) | C15: 32 | D15: 17 | E15: 18 | F15: 0 | G15: 24 | H15: 19 | I15: 345 | J15: 175 | K15: 322 | L15: 1522 | M15: 2423 | N15: 1212 | O15: 311 | P15: 3 | Q15: 31 | R15: 0.66732026 | S15: 4 | T15: 14 | U15: 24 | V15: 92 | W15: 1 | X15: Business/Employment: 24 Computers/Internet/Searching: 14 Regional/Europe: 13 Business: 12 Business/Real Estate: 12 | Y15: 47.7 | AB15: 04/14/2025 18:10:00
... A313: zozotheme.com | B313: Majestic backlink/RD ratio too high: 28 (maximum 20) | C313: 15 | D313: 14 | E313: 61 | F313: 17 | G313: 20 | H313: 29 | I313: 316 | J313: 124 | K313: 388 | L313: 4370 | M313: 3502 | N313: 5398 | O313: 357 | P313: 10 | Q313: 304 | R313: 0.90923676 | S313: 14 | T313: 28 | U313: 8 | V313: 1220 | W313: 0 | X313: Business/Construction and Maintenance: 20 | Y313: 74.9 | AB313: 04/16/2025 20:05:00

Sheet Suitability
A1: Domain Name | B1: Indexing | D1: SZ (export) | F1: SZ (interface) | H1: SEMRUSH | J1: Backlinks | L1: Archive | M1: Domain info
B2: Indexing - Indexed? | C2: Indexing - Site URL | D2: SZ (export) - Potential | E2: SZ (export) - Spam | F2: SZ (interface) - Potential | G2: SZ (interface) - Spam | H2: SEMRUSH - Potential | I2: SEMRUSH - Spam | J2: Backlinks - Potential | K2: Backlinks - Spam | L2: Archive - Clear? | M2: Domain info - Archive data
A3: 350brewing.com | C3: ="https://www.google.com/search?q=site:" & A3 -> https://www.google.com/search?q=site:350brewing.com | D3: dsv | E3: dv | F3: efe | H3: vds | I3: dv | J3: dd | K3: dsv | L3: dv | M3: =IFERROR(VLOOKUP(A3,History!A:B,2,FALSE),"")
A4: 99nbrs.com | C4: ="https://www.google.com/search?q=site:" & A4 -> https://www.google.com/search?q=site:99nbrs.com | M4: =IFERROR(VLOOKUP(A4,History!A:B,2,FALSE),"")
A5: acupuncture-fertility.org | C5: ="https://www.google.com/search?q=site:" & A5 -> https://www.google.com/search?q=site:acupuncture-fertility.org | M5: =IFERROR(VLOOKUP(A5,History!A:B,2,FALSE),"")
A6: aepnetworks.com | C6: ="https://www.google.com/search?q=site:" & A6 -> https://www.google.com/search?q=site:aepnetworks.com | M6: =IFERROR(VLOOKUP(A6,History!A:B,2,FALSE),"")
A7: affordablehealthca.com | C7: ="https://www.google.com/search?q=site:" & A7 -> https://www.google.com/search?q=site:affordablehealthca.com | M7: =IFERROR(VLOOKUP(A7,History!A:B,2,FALSE),"")
A8: agelessalliance.org | C8: ="https://www.google.com/search?q=site:" & A8 -> https://www.google.com/search?q=site:agelessalliance.org | M8: =IFERROR(VLOOKUP(A8,History!A:B,2,FALSE),"")
A9: aifdr.org | C9: ="https://www.google.com/search?q=site:" & A9 -> https://www.google.com/search?q=site:aifdr.org | M9: =IFERROR(VLOOKUP(A9,History!A:B,2,FALSE),"")
A10: akalpinelodge.com | C10: ="https://www.google.com/search?q=site:" & A10 -> https://www.google.com/search?q=site:akalpinelodge.com | M10: =IFERROR(VLOOKUP(A10,History!A:B,2,FALSE),"")
A11: alfredospizzanc.com | C11: ="https://www.google.com/search?q=site:" & A11 -> https://www.google.com/search?q=site:alfredospizzanc.com | M11: =IFERROR(VLOOKUP(A11,History!A:B,2,FALSE),"")
A12: almightyballer.com | C12: ="https://www.google.com/search?q=site:" & A12 -> https://www.google.com/search?q=site:almightyballer.com | M12: =IFERROR(VLOOKUP(A12,History!A:B,2,FALSE),"")
A13: alovelinksplus.com | C13: ="https://www.google.com/search?q=site:" & A13 -> https://www.google.com/search?q=site:alovelinksplus.com | M13: =IFERROR(VLOOKUP(A13,History!A:B,2,FALSE),"")
A14: apimeme.com | C14: ="https://www.google.com/search?q=site:" & A14 -> https://www.google.com/search?q=site:apimeme.com | M14: =IFERROR(VLOOKUP(A14,History!A:B,2,FALSE),"")
A15: argenteam.net | C15: ="https://www.google.com/search?q=site:" & A15 -> https://www.google.com/search?q=site:argenteam.net | M15: =IFERROR(VLOOKUP(A15,History!A:B,2,FALSE),"")
... A184: zebraimaging.com | C184: ="https://www.google.com/search?q=site:" & A184 -> https://www.google.com/search?q=site:zebraimaging.com | M184: =IFERROR(VLOOKUP(A184,History!A:B,2,FALSE),"")

Sheet Bidding Analysis
A1: Domain Name | B1: USD | C1: AUD | D1: Bids | E1: Expiry

Sheet History
A1: Domain Name | B1: Content | C1: Transferrals | D1: Drop History
